date, pm25
2025/1/30, 70
2025/1/31, 98
2025/2/3, 72
2025/2/4, 95
2025/2/5, 89
2025/2/6, 98
2025/2/7, 93
2025/2/8, 103
2025/2/10, 73
2025/2/11, 76
2025/3/3, 66
2025/3/4, 68
2025/3/5, 84
2024/10/2, 39
2024/10/3, 47
2024/10/4, 54
2024/10/8, 23
2024/10/9, 46
2024/10/10, 63
2024/10/11, 39
2024/10/12, 34
2024/10/13, 46
2024/10/14, 35
2024/10/15, 40
2024/10/16, 43
2024/10/17, 42
2024/10/18, 39
2024/10/19, 36
2024/10/20, 34
2024/10/22, 35
2024/10/23, 49
2024/10/24, 40
2024/10/25, 42
2024/10/26, 49
2024/10/27, 51
2024/10/28, 54
2024/10/29, 51
2024/10/30, 39
2024/10/31, 44
2024/11/1, 53
2024/11/2, 55
2024/11/3, 60
2024/11/4, 58
2024/11/5, 63
2024/11/6, 70
2024/11/7, 85
2024/11/8, 97
2024/7/2, 83
2024/7/3, 85
2024/7/4, 68
2024/7/5, 73
2024/7/6, 71
2024/7/7, 69
2024/7/9, 64
2024/7/10, 70
2024/7/11, 65
2024/7/12, 72
2024/7/13, 67
2024/7/14, 64
2024/7/15, 68
2024/7/16, 68
2024/7/17, 73
2024/7/18, 74
2024/7/19, 74
2024/7/20, 68
2024/7/21, 52
2024/7/22, 59
2024/7/23, 68
2024/7/24, 56
2024/7/25, 58
2024/7/26, 63
2024/7/27, 67
2024/7/28, 60
2024/7/29, 51
2024/7/30, 59
2024/7/31, 64
2024/8/1, 64
2024/8/2, 55
2024/8/3, 46
2024/8/4, 50
2024/8/5, 42
2024/8/6, 44
2024/8/7, 51
2024/8/8, 54
2024/8/9, 57
2024/8/10, 58
2024/8/11, 52
2024/8/12, 42
2024/8/13, 43
2024/8/14, 44
2024/8/15, 37
2024/8/16, 52
2024/8/17, 61
2024/8/18, 64
2024/8/19, 64
2024/8/20, 65
2024/8/21, 69
2024/8/22, 61
2024/8/23, 66
2024/8/24, 66
2024/8/25, 60
2024/8/26, 69
2024/8/27, 78
2024/8/28, 73
2024/8/29, 65
2024/8/30, 54
2024/8/31, 57
2024/9/1, 65
2024/9/2, 68
2024/9/3, 56
2024/9/4, 58
2024/9/5, 59
2024/9/6, 64
2024/9/7, 61
2024/9/8, 56
2024/9/9, 60
2024/9/10, 60
2024/9/11, 66
2024/9/12, 56
2024/9/13, 48
2024/9/14, 46
2024/9/15, 49
2024/9/16, 49
2024/9/17, 59
2024/9/18, 56
2024/9/19, 43
2024/9/20, 36
2024/9/21, 39
2024/9/22, 43
2024/9/23, 44
2024/9/24, 44
2024/9/25, 47
2024/9/27, 32
2024/9/28, 42
2024/9/29, 39
2024/9/30, 40
2024/10/1, 41
2024/4/2, 31
2024/4/3, 46
2024/4/4, 59
2024/4/5, 76
2024/4/6, 44
2024/4/7, 43
2024/4/8, 53
2024/4/9, 34
2024/4/10, 48
2024/4/11, 32
2024/4/12, 49
2024/4/13, 54
2024/4/14, 46
2024/4/24, 61
2024/4/25, 53
2024/4/26, 41
2024/4/27, 37
2024/4/28, 53
2024/4/29, 35
2024/4/30, 49
2024/5/1, 55
2024/5/2, 63
2024/5/3, 37
2024/5/4, 58
2024/5/5, 48
2024/5/6, 39
2024/5/7, 50
2024/5/8, 74
2024/5/9, 45
2024/5/10, 40
2024/5/11, 48
2024/5/12, 49
2024/5/13, 43
2024/5/14, 56
2024/5/15, 41
2024/5/16, 52
2024/5/17, 57
2024/5/21, 13
2024/5/22, 7
2024/5/23, 10
2024/5/24, 41
2024/5/25, 56
2024/5/26, 43
2024/5/27, 56
2024/5/28, 66
2024/5/29, 56
2024/5/30, 54
2024/5/31, 58
2024/6/1, 47
2024/6/2, 48
2024/6/3, 62
2024/6/4, 76
2024/6/5, 48
2024/6/6, 53
2024/6/7, 41
2024/6/8, 45
2024/6/9, 47
2024/6/10, 38
2024/6/11, 37
2024/6/12, 40
2024/6/13, 56
2024/6/14, 47
2024/6/15, 62
2024/6/16, 44
2024/6/17, 83
2024/6/18, 69
2024/6/19, 67
2024/6/20, 61
2024/6/21, 63
2024/6/22, 49
2024/6/23, 53
2024/6/24, 55
2024/6/25, 65
2024/6/26, 75
2024/6/27, 81
2024/6/28, 75
2024/6/29, 75
2024/6/30, 72
2024/7/1, 73
2024/1/2, 139
2024/1/3, 121
2024/1/4, 101
2024/1/5, 90
2024/1/6, 80
2024/1/7, 74
2024/1/8, 79
2024/1/9, 80
2024/1/10, 84
2024/1/11, 74
2024/1/12, 58
2024/1/13, 68
2024/1/14, 75
2024/1/15, 75
2024/1/16, 85
2024/1/17, 88
2024/1/18, 99
2024/1/19, 127
2024/1/20, 135
2024/1/21, 119
2024/1/22, 107
2024/1/23, 90
2024/1/24, 86
2024/1/25, 90
2024/1/26, 90
2024/1/27, 153
2024/1/28, 216
2024/1/29, 267
2024/1/30, 218
2024/1/31, 214
2024/2/1, 208
2024/2/2, 173
2024/2/3, 153
2024/2/4, 276
2024/2/5, 325
2024/2/6, 237
2024/2/7, 236
2024/2/8, 253
2024/2/9, 221
2024/2/10, 179
2024/2/11, 161
2024/2/12, 150
2024/2/13, 136
2024/2/14, 136
2024/2/15, 115
2024/2/16, 97
2024/2/17, 94
2024/2/18, 77
2024/2/19, 74
2024/2/21, 68
2024/2/22, 86
2024/2/23, 90
2024/2/24, 86
2024/2/25, 84
2024/2/26, 90
2024/2/27, 76
2024/2/28, 68
2024/2/29, 60
2024/3/1, 70
2024/3/2, 72
2024/3/3, 67
2024/3/4, 52
2024/3/5, 66
2024/3/6, 52
2024/3/7, 56
2024/3/8, 59
2024/3/9, 55
2024/3/10, 68
2024/3/11, 70
2024/3/12, 47
2024/3/13, 43
2024/3/14, 54
2024/3/15, 46
2024/3/16, 46
2024/3/17, 38
2024/3/18, 26
2024/3/19, 52
2024/3/20, 73
2024/3/21, 73
2024/3/22, 88
2024/3/23, 108
2024/3/24, 80
2024/3/25, 99
2024/3/26, 87
2024/3/27, 75
2024/3/28, 67
2024/3/29, 64
2024/3/30, 76
2024/3/31, 45
2024/4/1, 28
2023/10/2, 26
2023/10/3, 23
2023/10/4, 18
2023/10/5, 28
2023/10/6, 41
2023/10/7, 33
2023/10/27, 26
2023/10/28, 45
2023/10/29, 42
2023/10/30, 42
2023/10/31, 50
2023/11/1, 54
2023/11/2, 62
2023/11/3, 32
2023/11/4, 45
2023/11/8, 28
2023/11/9, 34
2023/11/10, 26
2023/11/11, 35
2023/11/12, 35
2023/11/13, 46
2023/11/14, 41
2023/11/15, 56
2023/11/16, 58
2023/11/17, 44
2023/11/18, 52
2023/11/19, 63
2023/11/20, 72
2023/11/21, 79
2023/11/22, 86
2023/11/23, 80
2023/11/24, 60
2023/11/25, 60
2023/11/26, 48
2023/11/27, 38
2023/11/28, 42
2023/11/29, 35
2023/11/30, 43
2023/12/1, 44
2023/12/2, 47
2023/12/3, 67
2023/12/4, 58
2023/12/5, 47
2023/12/6, 56
2023/12/7, 60
2023/12/8, 62
2023/12/9, 66
2023/12/10, 66
2023/12/11, 55
2023/12/12, 65
2023/12/13, 75
2023/12/14, 132
2023/12/15, 159
2023/12/16, 165
2023/12/17, 173
2023/12/18, 169
2023/12/19, 162
2023/12/20, 156
2023/12/21, 152
2023/12/22, 161
2023/12/23, 159
2023/12/24, 151
2023/12/25, 136
2023/12/26, 107
2023/12/27, 102
2023/12/28, 111
2023/12/29, 111
2023/12/30, 128
2023/12/31, 132
2024/1/1, 138
2023/8/18, 43
2023/8/19, 34
2023/8/20, 50
2023/8/21, 54
2023/8/22, 36
2023/8/23, 38
2023/8/24, 42
2023/8/25, 45
2023/8/26, 41
2023/8/27, 32
2023/8/28, 27
2023/8/29, 27
2023/8/30, 28
2023/8/31, 40
2023/9/1, 17
2023/9/2, 26
2023/9/3, 29
2023/9/4, 23
2023/9/5, 39
2023/9/6, 46
2023/9/7, 44
2023/9/8, 43
2023/9/9, 45
2023/9/10, 31
2023/9/11, 36
2023/9/12, 40
2023/9/13, 47
2023/9/14, 40
2023/9/15, 44
2023/9/16, 54
2023/9/17, 45
2023/9/18, 39
2023/9/19, 38
2023/9/20, 50
2023/9/21, 47
2023/9/22, 46
2023/9/23, 53
2023/9/24, 59
2023/9/25, 35
2023/9/26, 40
2023/9/28, 27
2023/9/29, 34
2023/9/30, 45
2023/10/1, 39
2023/4/4, 81
2023/4/5, 100
2023/4/6, 67
2023/4/7, 66
2023/4/8, 53
2023/4/9, 53
2023/4/10, 61
2023/4/11, 41
2023/4/12, 56
2023/4/13, 42
2023/4/14, 61
2023/1/3, 199
2023/1/4, 198
2023/1/5, 200
2023/1/6, 170
2023/1/7, 165
2023/1/8, 155
2023/1/9, 153
2023/1/10, 154
2023/1/11, 156
2023/1/12, 146
2023/1/13, 136
2023/1/14, 136
2023/1/15, 146
2023/1/16, 151
2023/1/17, 149
2023/1/18, 148
2023/1/19, 135
2023/1/20, 114
2023/1/21, 106
2023/1/22, 108
2023/1/23, 97
2023/1/24, 103
2023/1/25, 90
2023/1/26, 78
2023/1/27, 69
2023/1/28, 75
2023/1/29, 63
2023/1/30, 61
2023/1/31, 62
2023/2/1, 67
2023/2/2, 69
2023/2/3, 77
2023/2/4, 73
2023/2/5, 58
2023/2/6, 79
2023/2/7, 83
2023/2/8, 68
2023/2/9, 76
2023/2/10, 65
2023/2/11, 65
2023/2/12, 67
2023/2/13, 73
2023/2/14, 85
2023/2/15, 87
2023/2/16, 108
2023/2/17, 113
2023/2/18, 206
2023/2/19, 304
2023/2/20, 308
2023/2/21, 182
2023/2/22, 173
2023/2/23, 166
2023/2/24, 156
2023/2/25, 147
2023/2/26, 90
2023/2/27, 78
2023/2/28, 78
2023/3/1, 94
2023/3/2, 78
2023/3/3, 74
2023/3/4, 81
2022/10/2, 37
2022/10/3, 29
2022/10/4, 44
2022/10/5, 38
2022/10/6, 34
2022/10/7, 42
2022/10/8, 44
2022/10/9, 51
2022/10/10, 57
2022/10/11, 63
2022/10/12, 29
2022/10/13, 72
2022/10/14, 64
2022/10/15, 57
2022/10/16, 49
2022/10/17, 49
2022/10/18, 51
2022/10/19, 45
2022/10/20, 54
2022/10/21, 53
2022/10/22, 59
2022/10/23, 58
2022/10/24, 52
2022/10/25, 65
2022/11/4, 325
2022/11/5, 534
2022/11/9, 57
2022/11/10, 72
2022/11/11, 65
2022/11/12, 59
2022/11/13, 53
2022/11/14, 44
2022/11/15, 52
2022/11/16, 59
2022/11/17, 55
2022/11/18, 56
2022/11/19, 59
2022/11/20, 72
2022/11/21, 72
2022/11/22, 69
2022/11/23, 65
2022/11/24, 66
2022/11/25, 79
2022/11/26, 67
2022/11/27, 72
2022/11/28, 75
2022/11/29, 78
2022/11/30, 76
2022/12/1, 69
2022/12/2, 72
2022/12/3, 64
2022/12/4, 63
2022/12/5, 75
2022/12/6, 64
2022/12/7, 70
2022/12/8, 66
2022/12/9, 71
2022/12/10, 85
2022/12/16, 97
2022/12/17, 98
2022/12/18, 86
2022/12/19, 76
2022/12/20, 86
2022/12/21, 82
2022/12/22, 83
2022/12/23, 84
2022/12/24, 111
2022/12/25, 155
2022/12/26, 148
2022/12/27, 142
2022/12/28, 152
2022/12/29, 165
2022/12/30, 157
2022/12/31, 161
2023/1/1, 172
2023/1/2, 202
2022/7/2, 56
2022/7/3, 55
2022/7/4, 65
2022/7/5, 61
2022/7/6, 56
2022/7/7, 64
2022/7/8, 58
2022/7/9, 67
2022/7/10, 62
2022/7/11, 67
2022/7/12, 55
2022/7/13, 47
2022/7/14, 53
2022/7/15, 56
2022/7/16, 53
2022/7/17, 55
2022/7/18, 76
2022/7/19, 58
2022/7/20, 67
2022/7/21, 67
2022/7/22, 63
2022/7/23, 73
2022/7/24, 64
2022/7/25, 65
2022/7/26, 56
2022/7/27, 58
2022/7/28, 58
2022/7/29, 61
2022/7/30, 71
2022/7/31, 74
2022/8/1, 59
2022/8/2, 65
2022/8/3, 68
2022/8/4, 71
2022/8/5, 40
2022/8/6, 51
2022/8/7, 51
2022/8/8, 53
2022/8/9, 48
2022/8/10, 46
2022/8/11, 56
2022/8/12, 66
2022/8/13, 61
2022/8/14, 68
2022/8/15, 70
2022/8/16, 60
2022/8/17, 48
2022/8/18, 49
2022/8/19, 62
2022/8/20, 54
2022/8/21, 58
2022/8/22, 70
2022/8/23, 66
2022/8/24, 45
2022/8/25, 46
2022/8/26, 69
2022/8/27, 43
2022/8/28, 42
2022/8/29, 43
2022/8/30, 59
2022/8/31, 58
2022/9/1, 76
2022/9/10, 47
2022/9/11, 54
2022/9/12, 58
2022/9/13, 50
2022/9/14, 41
2022/9/15, 58
2022/9/16, 50
2022/9/17, 43
2022/9/18, 53
2022/9/19, 51
2022/9/20, 49
2022/9/21, 42
2022/9/22, 49
2022/9/23, 54
2022/9/24, 45
2022/9/25, 46
2022/9/26, 47
2022/9/27, 40
2022/9/28, 36
2022/9/29, 29
2022/9/30, 40
2022/10/1, 40
2022/4/2, 71
2022/4/3, 76
2022/4/4, 76
2022/4/5, 76
2022/4/6, 68
2022/4/7, 73
2022/4/8, 73
2022/4/9, 64
2022/4/10, 58
2022/4/11, 55
2022/4/12, 26
2022/4/13, 53
2022/4/14, 67
2022/4/15, 45
2022/4/16, 44
2022/4/17, 48
2022/4/18, 39
2022/4/19, 46
2022/4/20, 117
2022/4/21, 95
2022/4/22, 105
2022/4/23, 95
2022/4/24, 79
2022/4/25, 113
2022/4/26, 120
2022/4/27, 121
2022/4/28, 108
2022/4/29, 53
2022/4/30, 61
2022/5/1, 39
2022/5/2, 47
2022/5/3, 35
2022/5/4, 41
2022/5/5, 30
2022/5/6, 53
2022/5/7, 64
2022/5/8, 61
2022/5/9, 41
2022/5/10, 52
2022/5/11, 54
2022/5/12, 42
2022/5/13, 37
2022/5/14, 35
2022/5/15, 39
2022/5/16, 39
2022/5/17, 47
2022/5/18, 69
2022/5/19, 85
2022/5/20, 58
2022/5/21, 64
2022/5/22, 40
2022/5/23, 32
2022/5/24, 42
2022/5/25, 64
2022/5/26, 59
2022/5/27, 53
2022/5/28, 39
2022/5/29, 52
2022/5/30, 42
2022/5/31, 47
2022/6/1, 49
2022/6/2, 50
2022/6/3, 57
2022/6/4, 60
2022/6/5, 53
2022/6/6, 71
2022/6/7, 74
2022/6/8, 77
2022/6/9, 70
2022/6/10, 63
2022/6/11, 67
2022/6/12, 51
2022/6/13, 50
2022/6/14, 52
2022/6/15, 67
2022/6/16, 65
2022/6/17, 41
2022/6/18, 50
2022/6/19, 49
2022/6/20, 75
2022/6/21, 53
2022/6/22, 39
2022/6/23, 43
2022/6/24, 49
2022/6/25, 54
2022/6/26, 52
2022/6/27, 44
2022/6/28, 53
2022/6/29, 70
2022/6/30, 55
2022/7/1, 46
2022/1/4, 101
2022/1/5, 102
2022/1/6, 130
2022/1/7, 157
2022/1/8, 131
2022/1/9, 125
2022/1/10, 134
2022/1/11, 137
2022/1/12, 130
2022/1/13, 131
2022/1/15, 86
2022/1/16, 96
2022/1/17, 96
2022/1/18, 95
2022/1/19, 97
2022/1/20, 129
2022/1/21, 179
2022/1/22, 186
2022/1/23, 189
2022/1/24, 176
2022/1/25, 173
2022/1/26, 165
2022/1/27, 168
2022/1/28, 162
2022/1/29, 151
2022/1/30, 159
2022/1/31, 241
2022/2/1, 281
2022/2/2, 218
2022/2/3, 176
2022/2/4, 143
2022/2/5, 133
2022/2/6, 138
2022/2/7, 123
2022/2/8, 115
2022/2/9, 136
2022/2/10, 142
2022/2/11, 146
2022/2/12, 150
2022/2/14, 102
2022/2/15, 108
2022/2/16, 95
2022/2/17, 92
2022/2/18, 102
2022/2/19, 106
2022/2/20, 91
2022/2/21, 78
2022/2/22, 85
2022/2/23, 77
2022/2/24, 73
2022/2/25, 80
2022/2/26, 85
2022/2/27, 107
2022/2/28, 115
2022/3/1, 106
2022/3/2, 100
2022/3/3, 111
2022/3/4, 107
2022/3/5, 98
2022/3/6, 86
2022/3/7, 75
2022/3/8, 76
2022/3/16, 73
2022/3/17, 60
2022/3/18, 67
2022/3/19, 77
2022/3/20, 89
2022/3/21, 98
2022/3/22, 72
2022/3/23, 61
2022/3/24, 60
2022/3/25, 67
2022/3/26, 72
2022/3/27, 126
2022/3/28, 112
2022/3/29, 90
2021/10/2, 52
2021/10/3, 55
2021/10/4, 47
2021/10/5, 48
2021/10/6, 54
2021/10/7, 66
2021/10/8, 55
2021/10/9, 65
2021/10/10, 54
2021/10/11, 58
2021/10/12, 49
2021/10/13, 64
2021/10/14, 71
2021/10/15, 58
2021/10/16, 61
2021/10/17, 53
2021/10/18, 56
2021/10/19, 66
2021/10/22, 54
2021/10/23, 61
2021/10/24, 59
2021/10/25, 56
2021/10/26, 55
2021/10/27, 72
2021/10/28, 72
2021/10/29, 62
2021/10/30, 62
2021/10/31, 57
2021/11/1, 66
2021/11/2, 69
2021/11/3, 63
2021/11/4, 75
2021/11/5, 74
2021/11/6, 84
2021/11/7, 78
2021/11/8, 71
2021/11/10, 59
2021/11/11, 61
2021/11/12, 58
2021/11/13, 56
2021/11/14, 67
2021/11/15, 61
2021/11/16, 66
2021/11/17, 86
2021/11/18, 69
2021/11/19, 74
2021/11/20, 75
2021/11/21, 72
2021/11/22, 61
2021/11/23, 92
2021/11/24, 97
2021/11/25, 65
2021/11/26, 76
2021/11/27, 81
2021/11/28, 79
2021/11/29, 82
2021/11/30, 73
2021/12/1, 80
2021/12/2, 73
2021/12/3, 78
2021/12/4, 87
2021/12/5, 85
2021/12/6, 84
2021/12/7, 101
2021/12/8, 138
2021/12/9, 130
2021/12/10, 133
2021/12/11, 138
2021/12/12, 144
2021/12/13, 139
2021/12/14, 129
2021/12/15, 132
2021/12/16, 129
2021/12/17, 123
2021/12/18, 107
2021/12/19, 134
2021/12/20, 183
2021/12/21, 196
2021/12/22, 185
2021/12/23, 175
2021/12/24, 173
2021/12/25, 171
2021/12/26, 151
2021/12/27, 123
2021/12/28, 103
2021/12/29, 108
2021/12/30, 122
2021/12/31, 123
2022/1/1, 110
2022/1/2, 116
2022/1/3, 98
2021/7/2, 73
2021/7/3, 89
2021/7/4, 63
2021/7/5, 59
2021/7/6, 73
2021/7/7, 76
2021/7/8, 71
2021/7/9, 78
2021/7/10, 72
2021/7/11, 72
2021/7/12, 82
2021/7/13, 90
2021/7/14, 84
2021/7/15, 87
2021/7/16, 87
2021/7/17, 77
2021/7/18, 70
2021/7/19, 74
2021/7/20, 84
2021/7/21, 73
2021/7/22, 73
2021/7/23, 77
2021/7/24, 68
2021/7/25, 61
2021/7/26, 60
2021/7/27, 67
2021/7/28, 78
2021/7/29, 81
2021/7/30, 104
2021/8/4, 67
2021/8/5, 80
2021/8/6, 79
2021/8/7, 88
2021/8/8, 86
2021/8/9, 73
2021/8/10, 83
2021/8/11, 78
2021/8/12, 81
2021/8/13, 68
2021/8/23, 75
2021/8/24, 73
2021/8/25, 56
2021/8/26, 56
2021/8/27, 58
2021/8/28, 60
2021/8/29, 60
2021/8/30, 66
2021/8/31, 56
2021/9/1, 63
2021/9/2, 53
2021/9/3, 52
2021/9/4, 59
2021/9/5, 62
2021/9/6, 51
2021/9/13, 60
2021/9/14, 59
2021/9/15, 59
2021/9/16, 65
2021/9/17, 61
2021/9/18, 65
2021/9/19, 53
2021/9/20, 53
2021/9/21, 66
2021/9/22, 63
2021/9/23, 61
2021/9/24, 64
2021/9/25, 75
2021/9/30, 41
2021/10/1, 54
2021/4/2, 143
2021/4/3, 154
2021/4/4, 157
2021/4/5, 134
2021/4/6, 107
2021/4/7, 101
2021/4/8, 90
2021/4/9, 81
2021/4/10, 75
2021/4/11, 77
2021/4/12, 63
2021/4/13, 66
2021/4/14, 61
2021/4/15, 59
2021/4/16, 59
2021/4/17, 61
2021/4/18, 72
2021/4/19, 61
2021/4/20, 51
2021/4/21, 52
2021/4/22, 56
2021/4/23, 65
2021/4/24, 75
2021/4/25, 62
2021/4/26, 56
2021/4/27, 53
2021/4/28, 57
2021/4/29, 70
2021/4/30, 71
2021/5/1, 66
2021/5/2, 60
2021/5/3, 57
2021/5/4, 61
2021/5/5, 75
2021/5/6, 69
2021/5/7, 58
2021/5/8, 53
2021/5/9, 63
2021/5/10, 71
2021/5/11, 38
2021/5/12, 46
2021/5/13, 48
2021/5/14, 50
2021/5/15, 45
2021/5/16, 54
2021/5/17, 51
2021/5/18, 47
2021/5/19, 57
2021/5/20, 64
2021/5/21, 61
2021/5/22, 46
2021/5/23, 57
2021/5/24, 71
2021/5/25, 44
2021/5/26, 66
2021/5/27, 66
2021/5/28, 62
2021/5/29, 63
2021/5/30, 61
2021/5/31, 65
2021/6/1, 65
2021/6/2, 56
2021/6/3, 58
2021/6/4, 57
2021/6/5, 68
2021/6/6, 65
2021/6/7, 44
2021/6/8, 60
2021/6/9, 76
2021/6/10, 83
2021/6/11, 42
2021/6/12, 60
2021/6/13, 59
2021/6/14, 60
2021/6/15, 48
2021/6/16, 66
2021/6/17, 64
2021/6/18, 68
2021/6/19, 65
2021/6/20, 63
2021/6/23, 65
2021/6/24, 69
2021/6/25, 74
2021/6/26, 77
2021/6/27, 67
2021/6/28, 53
2021/6/29, 62
2021/6/30, 61
2021/7/1, 76
2021/1/5, 99
2021/1/6, 97
2021/1/7, 90
2021/1/8, 80
2021/1/9, 79
2021/1/10, 76
2021/1/11, 77
2021/1/12, 82
2021/1/13, 81
2021/1/14, 83
2021/1/15, 83
2021/1/16, 71
2021/1/17, 81
2021/1/18, 96
2021/1/19, 92
2021/1/20, 84
2021/1/21, 76
2021/1/22, 79
2021/1/23, 100
2021/1/24, 135
2021/1/25, 162
2021/1/26, 189
2021/1/27, 182
2021/1/28, 157
2021/1/29, 123
2021/1/30, 115
2021/1/31, 117
2021/2/1, 103
2021/2/2, 100
2021/2/3, 107
2021/2/4, 106
2021/2/5, 109
2021/2/6, 109
2021/2/7, 105
2021/2/8, 94
2021/2/9, 95
2021/2/10, 88
2021/2/11, 96
2021/2/12, 97
2021/2/13, 98
2021/2/14, 91
2021/2/15, 80
2021/2/16, 78
2021/2/17, 74
2021/2/18, 88
2021/2/19, 80
2021/2/20, 80
2021/2/21, 121
2021/2/22, 108
2021/2/23, 114
2021/2/24, 137
2021/2/25, 129
2021/2/26, 128
2021/2/27, 109
2021/2/28, 102
2021/3/1, 80
2021/3/2, 103
2021/3/3, 110
2021/3/4, 96
2021/3/5, 98
2021/3/6, 108
2021/3/7, 99
2021/3/8, 93
2021/3/9, 82
2021/3/10, 79
2021/3/11, 83
2021/3/12, 85
2021/3/13, 75
2021/3/14, 79
2021/3/15, 94
2021/3/16, 95
2021/3/17, 60
2021/3/18, 74
2021/3/19, 91
2021/3/20, 104
2021/3/21, 92
2021/3/22, 70
2021/3/23, 75
2021/3/24, 65
2021/3/25, 64
2021/3/26, 68
2021/3/27, 76
2021/3/28, 58
2021/3/29, 74
2021/3/30, 117
2021/3/31, 111
2021/4/1, 121
2020/10/2, 50
2020/10/3, 52
2020/10/4, 52
2020/10/5, 43
2020/10/6, 58
2020/10/7, 55
2020/10/8, 63
2020/10/9, 60
2020/10/10, 53
2020/10/11, 48
2020/10/12, 42
2020/10/13, 55
2020/10/14, 51
2020/10/15, 55
2020/10/16, 59
2020/10/17, 56
2020/10/18, 58
2020/10/19, 52
2020/10/20, 53
2020/10/21, 53
2020/10/22, 61
2020/10/23, 55
2020/10/24, 56
2020/10/25, 63
2020/10/26, 71
2020/10/27, 81
2020/10/28, 67
2020/10/29, 75
2020/10/30, 74
2020/10/31, 76
2020/11/1, 64
2020/11/2, 64
2020/11/3, 73
2020/11/4, 83
2020/11/5, 82
2020/11/6, 84
2020/11/7, 74
2020/11/8, 73
2020/11/9, 69
2020/11/10, 72
2020/11/11, 68
2020/11/12, 81
2020/11/13, 82
2020/11/14, 88
2020/11/15, 85
2020/11/16, 84
2020/11/17, 90
2020/11/18, 91
2020/11/19, 92
2020/11/20, 94
2020/11/21, 86
2020/11/22, 87
2020/11/23, 89
2020/11/24, 76
2020/11/25, 77
2020/11/26, 84
2020/11/27, 74
2020/11/28, 80
2020/11/29, 75
2020/11/30, 70
2020/12/1, 74
2020/12/2, 74
2020/12/3, 75
2020/12/4, 71
2020/12/5, 80
2020/12/6, 62
2020/12/7, 69
2020/12/8, 72
2020/12/9, 87
2020/12/10, 83
2020/12/11, 80
2020/12/12, 79
2020/12/13, 73
2020/12/14, 81
2020/12/15, 77
2020/12/16, 88
2020/12/17, 80
2020/12/18, 82
2020/12/19, 82
2020/12/20, 80
2020/12/21, 80
2020/12/22, 102
2020/12/23, 98
2020/12/24, 115
2020/12/25, 117
2020/12/26, 106
2020/12/27, 95
2020/12/28, 101
2020/12/29, 116
2020/12/30, 113
2020/12/31, 123
2021/1/1, 136
2021/1/2, 144
2021/1/3, 125
2021/1/4, 101
2020/7/2, 65
2020/7/3, 63
2020/7/4, 70
2020/7/5, 66
2020/7/6, 77
2020/7/7, 76
2020/7/8, 80
2020/7/9, 75
2020/7/10, 90
2020/7/11, 94
2020/7/12, 82
2020/7/13, 84
2020/7/14, 78
2020/7/15, 65
2020/7/16, 65
2020/7/17, 61
2020/7/18, 67
2020/7/19, 69
2020/7/20, 64
2020/7/21, 58
2020/7/22, 64
2020/7/23, 76
2020/7/24, 78
2020/7/25, 71
2020/7/26, 81
2020/7/27, 91
2020/7/28, 81
2020/7/29, 76
2020/7/30, 75
2020/7/31, 66
2020/8/1, 62
2020/8/2, 63
2020/8/3, 65
2020/8/4, 71
2020/8/5, 77
2020/8/6, 59
2020/8/7, 65
2020/8/8, 57
2020/8/9, 79
2020/8/10, 71
2020/8/11, 69
2020/8/12, 68
2020/8/13, 80
2020/8/14, 84
2020/8/15, 75
2020/8/16, 70
2020/8/17, 76
2020/8/18, 70
2020/8/19, 76
2020/8/20, 72
2020/8/21, 78
2020/8/22, 76
2020/8/23, 68
2020/8/24, 62
2020/8/25, 72
2020/8/26, 66
2020/8/27, 71
2020/8/28, 67
2020/8/29, 72
2020/8/30, 69
2020/8/31, 70
2020/9/1, 72
2020/9/2, 67
2020/9/3, 64
2020/9/4, 62
2020/9/5, 52
2020/9/6, 63
2020/9/7, 56
2020/9/8, 52
2020/9/9, 47
2020/9/10, 60
2020/9/11, 55
2020/9/12, 55
2020/9/13, 56
2020/9/14, 47
2020/9/15, 57
2020/9/16, 67
2020/9/17, 65
2020/9/18, 68
2020/9/19, 64
2020/9/20, 63
2020/9/21, 63
2020/9/22, 66
2020/9/23, 61
2020/9/24, 57
2020/9/25, 67
2020/9/26, 64
2020/9/27, 53
2020/9/28, 54
2020/9/29, 54
2020/9/30, 47
2020/10/1, 52
2020/4/2, 77
2020/4/3, 78
2020/4/4, 75
2020/4/5, 66
2020/4/6, 69
2020/4/7, 60
2020/4/8, 70
2020/4/9, 54
2020/4/10, 57
2020/4/11, 60
2020/4/12, 66
2020/4/13, 64
2020/4/14, 64
2020/4/15, 61
2020/4/16, 67
2020/4/17, 75
2020/4/18, 76
2020/4/19, 66
2020/4/20, 59
2020/4/21, 50
2020/4/22, 59
2020/4/23, 72
2020/4/24, 79
2020/4/25, 60
2020/4/26, 58
2020/4/27, 69
2020/4/28, 63
2020/4/29, 43
2020/4/30, 56
2020/5/1, 64
2020/5/2, 81
2020/5/3, 62
2020/5/4, 54
2020/5/5, 64
2020/5/6, 66
2020/5/7, 66
2020/5/8, 63
2020/5/9, 62
2020/5/10, 56
2020/5/11, 66
2020/5/12, 54
2020/5/13, 64
2020/5/14, 49
2020/5/15, 44
2020/5/16, 58
2020/5/17, 57
2020/5/18, 55
2020/5/19, 55
2020/5/20, 62
2020/5/21, 58
2020/5/22, 73
2020/5/23, 68
2020/5/24, 73
2020/5/25, 68
2020/5/26, 59
2020/5/27, 54
2020/5/28, 63
2020/5/29, 53
2020/5/30, 69
2020/5/31, 64
2020/6/1, 40
2020/6/2, 53
2020/6/3, 73
2020/6/4, 83
2020/6/5, 64
2020/6/6, 66
2020/6/7, 64
2020/6/8, 55
2020/6/9, 57
2020/6/10, 52
2020/6/11, 55
2020/6/12, 44
2020/6/13, 57
2020/6/14, 64
2020/6/15, 61
2020/6/16, 76
2020/6/17, 68
2020/6/18, 68
2020/6/19, 76
2020/6/20, 75
2020/6/21, 75
2020/6/22, 62
2020/6/23, 69
2020/6/24, 81
2020/6/25, 79
2020/6/26, 73
2020/6/27, 66
2020/6/28, 56
2020/6/29, 62
2020/6/30, 57
2020/7/1, 59
2020/3/30, 81
2020/3/31, 67
2020/4/1, 56